motivation,motivation_pr,motivation_pol,motivation_sub
Inspiration and getting out of your comfort zone,inspiration getting comfort zone,0.0,0.0
Exploring cultures,exploring culture,0.0,0.0
"Wildlife, food, scenery, warmer weather, swimming in warmer water!",wildlife food scenery warmer weather swimming warmer water,0.0,0.0
Lolz,old,0.1,0.2
Memories,memory,0.0,0.0
Culture and nature,culture nature,0.0,0.0
Variety,variety,0.0,0.0
"To see what the world has to offer, every single different aspect of every culture, country and continent. Just wanna know how thwe world works and looks in every different place.",world offer every single aspect every culture country continent anna know the world work look every place,-0.07142857142857142,0.21428571428571427
New experiences ,new,0.13636363636363635,0.45454545454545453
"getting out of my home country, seeing the world, food, better weather",getting home country world food better weather,0.5,0.5
" can't think of anything that excites a greater sense of childlike wonder than to be in a country where you are ignorant of almost everything. Suddenly you are five years old again. You can't read anything, you have only the most rudimentary sense of how things work, you can't even reliably cross a street without endangering your life. Your whole existence becomes a series of interesting guesses.” ",can think anything excites greater sense childlike wonder country ignorant almost everything suddenly five year old can read anything rudimentary sense work can even reliable cross street without endangering life whole existence becomes series interesting guess,0.21666666666666667,0.35000000000000003
New experiences ,new,0.13636363636363635,0.45454545454545453
"Adrenaline Rush, Curiosity, Wanderlust",adrenalin rush curiosity wanderlust,0.0,0.0
culture and food,culture food,0.0,0.0
experiences,,0.0,0.0
Boredom,boredom,0.0,0.0
Pictures of amazing places,picture amazing place,0.6000000000000001,0.9
Discovery,discovery,0.0,0.0
food and architecture,food architecture,0.0,0.0
"Seeing geological sites, friends in far places",geological site friend far place,0.1,1.0
Exploring cultures that differ from my own,exploring culture differ,0.0,0.0
Discovery,discovery,0.0,0.0
Good question. ,good question,0.7,0.6000000000000001
Exploring other cultures,exploring culture,0.0,0.0
FOMO,domo,0.0,0.0
"Photography, seeing beautiful things across the world ",photography beautiful across world,0.85,1.0
Get to know the World,get know world,0.0,0.0
Need to utilize my industry discount,need utilize industry discount,0.0,0.0
Nothing ,nothing,0.0,0.0
seeing new places,new place,0.13636363636363635,0.45454545454545453
Fun,,0.0,0.0
"New experiences, love",new love,0.3181818181818182,0.5272727272727272
fun,,0.0,0.0
There's so much to see,there much,0.2,0.2
Experiences,,0.0,0.0
New adventure with my husband ,new adventure husband,0.13636363636363635,0.45454545454545453
Relaxation,relaxation,0.0,0.0
Food,food,0.0,0.0
"Food, animals, hiking",food animal hiding,0.0,0.0
Because when else will I ,else,0.0,0.0
Exploring,exploring,0.0,0.0
Curiosity,curiosity,0.0,0.0
New cultures,new culture,0.13636363636363635,0.45454545454545453
Relax,relax,0.0,0.0
"Diving, road trips, nature",diving road trip nature,0.0,0.0
To escape and to have stories to tell.,escape story tell,0.0,0.0
Adventure and curiosity,adventure curiosity,0.0,0.0
curiosity and food,curiosity food,0.0,0.0
Seeing new things,new,0.13636363636363635,0.45454545454545453
adventure,adventure,0.0,0.0
Beautiful small place and cheap ,beautiful small place cheap,0.3333333333333333,0.6999999999999998
"sights, getting away from home",sight getting away home,0.0,0.0
Experiance new cultures and photography,new culture photography,0.13636363636363635,0.45454545454545453
Explore new places and culture,explore new place culture,0.13636363636363635,0.45454545454545453
Seeing and learning knew things,learning knew,0.0,0.0
Experience new things ,new,0.13636363636363635,0.45454545454545453
To experience new cultures and nature ,new culture nature,0.13636363636363635,0.45454545454545453
Seeing new places,new place,0.13636363636363635,0.45454545454545453
Wanderlust I guess.,wanderlust guess,0.0,0.0
To explore the world,explore world,0.0,0.0
"New culture, good food",new culture good food,0.41818181818181815,0.5272727272727273
to see new things,new,0.13636363636363635,0.45454545454545453
Different cultures and interesting places,culture interesting place,0.5,0.5
So much to see so little time,much little time,-0.1875,0.5
See new things and experience other cultures in person,new culture person,0.13636363636363635,0.45454545454545453
"Seeing the world, connecting with new cultures.",world connecting new culture,0.13636363636363635,0.45454545454545453
Adventure,adventure,0.0,0.0
Not work,work,0.0,0.0
Culture,culture,0.0,0.0
"The unknown, different food, different cultures",unknown food culture,-0.1,0.6
"Experiencing different cultures, food",experiencing culture food,0.0,0.0
Getting different vibes from architecture and culture,getting vice architecture culture,0.0,0.0
"Food, culture",food culture,0.0,0.0
Adventure,adventure,0.0,0.0
Experiencing art and culture.,experiencing art culture,0.0,0.0
To understand references,understand reference,0.0,0.0
Food and culture,food culture,0.0,0.0
"Family, fun",family,0.0,0.0
Life Experience,life,0.0,0.0
To see life,life,0.0,0.0
Happiness,happiness,0.7,0.2
Freedom,freedom,0.0,0.0
pleasure,pleasure,0.0,0.0
Discovery,discovery,0.0,0.0
"Experience new cultures,see scenic locations",new culture scene location,0.13636363636363635,0.45454545454545453
To eat new things and see cool shit,eat new cool shit,0.09545454545454544,0.6348484848484849
Escape from day to day life,escape day day life,0.0,0.0
"Food, Photography",food photography,0.0,0.0
Food,food,0.0,0.0
A desire to see the world,desire world,0.0,0.0
To see the beauty of the world,beauty world,0.0,0.0
Discovery ,discovery,0.0,0.0
Learning,learning,0.0,0.0
"Seeing new things, meeting new people, and getting a new perspective. ",new meeting new people getting new perspective,0.13636363636363635,0.45454545454545453
Meeting new people and learning new things; plus new food!,meeting new people learning new plus new food,0.13636363636363635,0.45454545454545453
Food,food,0.0,0.0
I am a tourism management student,tourism management student,0.0,0.0
Seeing new things,new,0.13636363636363635,0.45454545454545453
Learning,learning,0.0,0.0
New experiences and sights ,new sight,0.13636363636363635,0.45454545454545453
Experience life outside my daily routine,life outside daily routine,0.0,0.025
I work as a tour guide in foreign countries and I love it,work tour guide foreign country love,0.1875,0.3625
Experience,,0.0,0.0
"I want to see the landscapes around the world that I don't get to see at home. I'm from Ohio, so I don't see much extreme landscape.",want landscape around world dont get home in ohio dont much extreme landscape,-0.125,1.0
Seeing different cultures and weather,culture weather,0.0,0.0
Landscapes and adventure,landscape adventure,0.0,0.0
Exploration of the world,exploration world,0.0,0.0
See new places and experiences ,new place,0.13636363636363635,0.45454545454545453
food+photography,food photography,0.0,0.0
Food!,food,0.0,0.0
See new places,new place,0.13636363636363635,0.45454545454545453
Food; sightseeing; Instagram,food sightseeing instagram,0.0,0.0
adventure,adventure,0.0,0.0
Relaxation,relaxation,0.0,0.0
idk,ink,0.0,0.0
Experiencing new places and people.,experiencing new place people,0.13636363636363635,0.45454545454545453
seeing the world and its beauties,world beauty,0.0,0.0
Nature,nature,0.0,0.0
It is fun.,,0.0,0.0
"food, observing lifestyle of others, culture, scenery, relaxation",food observing lifestyle others culture scenery relaxation,0.0,0.0
curiosity,curiosity,0.0,0.0
Learning ,learning,0.0,0.0
Wonderment,wonderment,0.0,0.0
so fun,,0.0,0.0
Experience different cultures,culture,0.0,0.0
Natural beauty,natural beauty,0.1,0.4
Curiousity,curiosity,0.0,0.0
"See new things, eat new food, and experience new things",new eat new food new,0.13636363636363635,0.45454545454545453
New cultures and experiences,new culture,0.13636363636363635,0.45454545454545453
Addiction,addition,0.0,0.0
Exploration and adventure,exploration adventure,0.0,0.0
Fun,,0.0,0.0
New Experiences and People ,new people,0.13636363636363635,0.45454545454545453
Exploration,exploration,0.0,0.0
Making memories,making memory,0.0,0.0
Discovering new places + R&R,discovering new place or,0.13636363636363635,0.45454545454545453
"See new things, meet new people",new meet new people,0.13636363636363635,0.45454545454545453
Photography,photography,0.0,0.0
Exploring.,exploring,0.0,0.0
Searching far and wide,searching far wide,0.0,0.7
Exploration,exploration,0.0,0.0
Experiencing new culutres,experiencing new culture,0.13636363636363635,0.45454545454545453
To make memories,make memory,0.0,0.0
FUN,,0.0,0.0
Passion,passion,0.0,0.0
Change of scenery,change scenery,0.0,0.0
Curiosity,curiosity,0.0,0.0
To experience as much of the world as I can ,much world,0.2,0.2
Discover,discover,0.0,0.0
Leisure,leisure,0.0,0.0
A sense of adventure ,sense adventure,0.0,0.0
"Scenery, curiosity",scenery curiosity,0.0,0.0
To see the world,world,0.0,0.0
"Exploring new places, meeting new people",exploring new place meeting new people,0.13636363636363635,0.45454545454545453
"History, design and communicating with people",history design communicating people,0.0,0.0
"New experiences, new cultures",new new culture,0.13636363636363635,0.45454545454545453
See cool shit,cool shit,0.07499999999999998,0.7250000000000001
new experiences,new,0.13636363636363635,0.45454545454545453
"Experiencing new places, cultures, food, art, sights",experiencing new place culture food art sight,0.13636363636363635,0.45454545454545453
My primary source for learning about the world,primary source learning world,0.4,0.5
Discovery,discovery,0.0,0.0
New experiences,new,0.13636363636363635,0.45454545454545453
Exploration ,exploration,0.0,0.0
Beautiful places ,beautiful place,0.85,1.0
idk,ink,0.0,0.0
To see what the world has to offer,world offer,0.0,0.0
Longing for change of scenery,longing change scenery,0.0,0.0
"culture, food, adventures",culture food adventure,0.0,0.0
To experience new things.,new,0.13636363636363635,0.45454545454545453
"Cheaper than where I was living, the world is a big place and I want to see what's there",cheaper living world big place want what,0.0,0.1
Sights. Food. Adventure,sight food adventure,0.0,0.0
"Culture, food, meeting new people",culture food meeting new people,0.13636363636363635,0.45454545454545453
the experience,,0.0,0.0
Can’t stay put at home - need to see everything,can stay put home need everything,0.0,0.0
Recreation. Discovery.,recreation discovery,0.0,0.0
Experience different cultures,culture,0.0,0.0
I want to experience the world outside of my home country.,want world outside home country,0.0,0.05
Fun,,0.0,0.0
Food,food,0.0,0.0
Meeting people experience other cultures and beeing in the nature ,meeting people culture being nature,0.0,0.0
new adventures/foods,new adventure food,0.13636363636363635,0.45454545454545453
I love to see knew things and explore other cultures ,love knew explore culture,0.5,0.6
"Culture, food, new experiences",culture food new,0.13636363636363635,0.45454545454545453
break from work,break work,0.0,0.0
adventure,adventure,0.0,0.0
New experiences and photography,new photography,0.13636363636363635,0.45454545454545453
New Experiences and Culture,new culture,0.13636363636363635,0.45454545454545453
Fun,,0.0,0.0
joy,joy,0.8,0.2
Yes,yes,0.0,0.0
New cultures and people,new culture people,0.13636363636363635,0.45454545454545453
Experiences,,0.0,0.0
The feeling of discovery,feeling discovery,0.0,0.0
Curiousity,curiosity,0.0,0.0
Girlfriend,girlfriend,0.0,0.0
"New cultures, pretty sights",new culture pretty sight,0.19318181818181818,0.7272727272727273
Desire to explore,desire explore,0.0,0.0
Culture and food and new people,culture food new people,0.13636363636363635,0.45454545454545453
Food,food,0.0,0.0
"Relaxation, new experiences, cultural exchange",relaxation new cultural exchange,0.11818181818181818,0.2772727272727273
Nature and food,nature food,0.0,0.0
Adventure and curiosity,adventure curiosity,0.0,0.0
Learn about other cultures and experience the treasures of humanity. ,learn culture treasure humanity,0.0,0.0
New experiences,new,0.13636363636363635,0.45454545454545453
To see beautiful places and try new things.,beautiful place try new,0.49318181818181817,0.7272727272727273
"I want to see the world in my lifetime. We only have one life, better make use of it!",want world lifetime one life better make use,0.5,0.5
Adventure,adventure,0.0,0.0
See the wurld,world,0.0,0.0
Seeing the world and meeting new people,world meeting new people,0.13636363636363635,0.45454545454545453
Fun,,0.0,0.0
Curiosity,curiosity,0.0,0.0
"New cultures, the adrenaline of experiences completely outside the norm of your culture, beautiful scenery ",new culture adrenalin completely outside norm culture beautiful scenery,0.3287878787878788,0.5015151515151515
New experiences,new,0.13636363636363635,0.45454545454545453
"Nature and food, mostly.",nature food mostly,0.5,0.5
"New experiences, new people, new food",new new people new food,0.13636363636363635,0.45454545454545453
Attractions ,attraction,0.0,0.0
love for exploring new things,love exploring new,0.3181818181818182,0.5272727272727272
To see a different culture,culture,0.0,0.0
Seeing new cultures and meeting new people,new culture meeting new people,0.13636363636363635,0.45454545454545453
"I am fortunate enough to be able to do so, so I do.",fortunate enough able,0.3,0.6083333333333333
History and culture,history culture,0.0,0.0
Breaking my routine ,breaking routine,0.0,0.0
Learning more about the world.,learning world,0.0,0.0
New experiences,new,0.13636363636363635,0.45454545454545453
Adventure,adventure,0.0,0.0
Seeing nature and discovering new cultures,nature discovering new culture,0.13636363636363635,0.45454545454545453
Discovery,discovery,0.0,0.0
Exploration,exploration,0.0,0.0
New experiences,new,0.13636363636363635,0.45454545454545453
Adventure,adventure,0.0,0.0
Experiences,,0.0,0.0
See the world while youngish,world youngest,0.0,0.0
Experiences,,0.0,0.0
Exploring new countries and landscapes ,exploring new country landscape,0.13636363636363635,0.45454545454545453
Experience,,0.0,0.0
Explore ,explore,0.0,0.0
A desire to see as much of the world and meet as many people as possible.,desire much world meet many people possible,0.2333333333333333,0.5666666666666667
I like to explore new parts of the world,like explore new part world,0.13636363636363635,0.45454545454545453
New experiences,new,0.13636363636363635,0.45454545454545453
Work,work,0.0,0.0
Opportunity to explore,opportunity explore,0.0,0.0
see the world,world,0.0,0.0
"History, relics",history relic,0.0,0.0
curiosity,curiosity,0.0,0.0
"learning, experiences",learning,0.0,0.0
"It makes me feel alive. I love seeing new places, landscapes, nature, history, culture. My goal in life is to see as much of this world as I can :)",make feel alive love new place landscape nature history culture goal life much world,0.23409090909090907,0.41363636363636364
Adventure and interest in the world ,adventure interest world,0.0,0.0
Discovering cultures and meeting new people ,discovering culture meeting new people,0.13636363636363635,0.45454545454545453
Exploring; Culture,exploring culture,0.0,0.0
I want to see different cultures and meet new people,want culture meet new people,0.13636363636363635,0.45454545454545453
"To see new things, be somewhere different",new somewhere,0.13636363636363635,0.45454545454545453
Experiencing new things,experiencing new,0.13636363636363635,0.45454545454545453
Scenery,scenery,0.0,0.0
"Freedom, Stress relief, Beauty",freedom stress relief beauty,0.0,0.0
I travel with my soulmate. I love exploring our world together,travel soulmate love exploring world together,0.5,0.6
Beaches ,reach,0.0,0.0
Visiting every country in the world ,visiting every country world,0.0,0.0
"Wanderlust, experiencing other cultures. ",wanderlust experiencing culture,0.0,0.0
"adventure, relaxation, new experiences, be more in nature, see the world",adventure relaxation new nature world,0.13636363636363635,0.45454545454545453
New experiences ,new,0.13636363636363635,0.45454545454545453
google maps,goose map,0.0,0.0
Exploring the world and different cultures,exploring world culture,0.0,0.0
Passion to explore new places and cultures,passion explore new place culture,0.13636363636363635,0.45454545454545453
See other cultures & ecosystems/landscapes,culture ecosystems landscapes,0.0,0.0
"Food, religion, history, scenery",food religion history scenery,0.0,0.0
"I love nature, so not the biggest city guy. Mostly just seeing different types of nature and areas",love nature biggest city guy mostly type nature area,0.5,0.55
Love of new culture and experience,love new culture,0.3181818181818182,0.5272727272727272
Kite!,kite,0.0,0.0
Experiencing the culture and history of somewhere different.,experiencing culture history somewhere,0.0,0.0
"seeing new places, people, getting out of my own routine life",new place people getting routine life,0.13636363636363635,0.45454545454545453
"Travel promotes growth, I am always trying to grow",travel promotes growth always trying grow,0.0,0.0
Exploration and Personal Growth,exploration personal growth,0.0,0.3
Exploring different cultures and climates,exploring culture climate,0.0,0.0
Exciting. See new people and visit new places!,exciting new people visit new place,0.19090909090909092,0.5696969696969697
New experiences.,new,0.13636363636363635,0.45454545454545453
Seeing different cultures and/or relax,culture ardor relax,0.0,0.0
"See new places, eat new food",new place eat new food,0.13636363636363635,0.45454545454545453
"History, art, culture, food and natural beauty",history art culture food natural beauty,0.1,0.4
i have no motivation,motivation,0.0,0.0
Beautiful landscapes,beautiful landscape,0.85,1.0
"Seeing places, culture, food",place culture food,0.0,0.0
exposure to different cultures and natural beauty ,exposure culture natural beauty,0.1,0.4
Getting new experiences,getting new,0.13636363636363635,0.45454545454545453
To experience beyond my usual surroundings ,beyond usual surroundings,-0.25,0.25
"History, good views",history good view,0.7,0.6000000000000001
"New experiences, food, amazing landscapes, adventure activities",new food amazing landscape adventure activity,0.3681818181818182,0.6772727272727272
Wanting to see more of the world,wanting world,0.0,0.0
"Moving from the US, India hit me square in the face. It was an exhilarating experience. And got me hooked to the feeling. This addiction motivates me. ",moving u india hit square face exhilarating got hooked feeling addition motivate,0.7,0.9
"I want to explore the world, see new sights, and meet new people. ",want explore world new sight meet new people,0.13636363636363635,0.45454545454545453
To see the world and open my mind,world open mind,0.0,0.5
Relax/recharge,relaxrecharge,0.0,0.0
Seeing the world & experiencing cultures - short lived high intensity experiences,world experiencing culture short lived high intensity,0.08,0.41999999999999993
Nature,nature,0.0,0.0
Passion and wanderlusy,passion wanderlusy,0.0,0.0
Adventure,adventure,0.0,0.0
Having fun and great adventures with  friends and family.,great adventure friend family,0.8,0.75
Seeing new things ,new,0.13636363636363635,0.45454545454545453
Learning about culture and history,learning culture history,0.0,0.0
Get away from my city,get away city,0.0,0.0
living,living,0.0,0.0
adventure and sight seeing,adventure sight,0.0,0.0
The experience.,,0.0,0.0
passion,passion,0.0,0.0
Seeing new things,new,0.13636363636363635,0.45454545454545453
family visit,family visit,0.0,0.0
Experiences ,,0.0,0.0
Beautiful landscapes,beautiful landscape,0.85,1.0
"Nature, culture, history, party, learn",nature culture history party learn,0.0,0.0
Exploration ,exploration,0.0,0.0
Exploration via geocaching,exploration via geocaching,0.0,0.0
"Beautiful landscape, learning other cultures",beautiful landscape learning culture,0.85,1.0
Freedom,freedom,0.0,0.0
The experiences and new cultures,new culture,0.13636363636363635,0.45454545454545453
To experiene the sheer wonder that travel provides ,sheer wonder travel provides,0.0,0.75
Culture and food,culture food,0.0,0.0
The experience,,0.0,0.0
Explore new places,explore new place,0.13636363636363635,0.45454545454545453
Experiencing different cultures,experiencing culture,0.0,0.0
Seeing new places,new place,0.13636363636363635,0.45454545454545453
"Desire to see the world, love of adventure, love of food",desire world love adventure love food,0.5,0.6
Experience other cultures and scenic landcsapes,culture scene landscape,0.0,0.0
I want to see the world,want world,0.0,0.0
"Visit new part of the world, meet new people",visit new part world meet new people,0.13636363636363635,0.45454545454545453
Seeing the world and meeting great people,world meeting great people,0.8,0.75
See new places,new place,0.13636363636363635,0.45454545454545453
Boredom,boredom,0.0,0.0
"History, culture, food",history culture food,0.0,0.0
"Food, seeing the sights, culture",food sight culture,0.0,0.0
Stuff,stuff,0.0,0.0
"change from the routine, exploring culture",change routine exploring culture,0.0,0.0
New experiences (culture),new culture,0.13636363636363635,0.45454545454545453
See the world,world,0.0,0.0
I love experienceing new things and places.,love experiencing new place,0.3181818181818182,0.5272727272727272
Exploring different cultures,exploring culture,0.0,0.0
"culture, history, scenery",culture history scenery,0.0,0.0
Fun,,0.0,0.0
Curiosity,curiosity,0.0,0.0
Break monotony ,break monotony,0.0,0.0
"Meeting people, photography ",meeting people photography,0.0,0.0
To see new things,new,0.13636363636363635,0.45454545454545453
"trying new things, experiencing other cultures, food",trying new experiencing culture food,0.13636363636363635,0.45454545454545453
Seeing new cultures,new culture,0.13636363636363635,0.45454545454545453
Experiences,,0.0,0.0
To escape my day to day normal boring life,escape day day normal boring life,-0.425,0.825
"Learn about different cultures, places, and experiences ",learn culture place,0.0,0.0
"See the world, especially nature",world especially nature,0.0,1.0
Other cultures and good weather,culture good weather,0.7,0.6000000000000001
Food and culture,food culture,0.0,0.0
Adventure,adventure,0.0,0.0
Seeing as much as possible,much possible,0.0,1.0
Vacation time,vacation time,0.0,0.0
History and Heritage,history heritage,0.0,0.0
"See new places and learn new things, eat new foods",new place learn new eat new food,0.13636363636363635,0.45454545454545453
New experiences,new,0.13636363636363635,0.45454545454545453
To see things in context,context,0.0,0.0
Freedom,freedom,0.0,0.0
"New experiences, interest in learning about the world etc",new interest learning world etc,0.13636363636363635,0.45454545454545453
"Seeing new places, enjoying adventures with my husband",new place enjoying adventure husband,0.3181818181818182,0.5272727272727272
Landscapes,landscape,0.0,0.0
See the world ,world,0.0,0.0
Experiences,,0.0,0.0
love of history,love history,0.5,0.6
"Adventure, meeting new people",adventure meeting new people,0.13636363636363635,0.45454545454545453
Adventure ,adventure,0.0,0.0
Seeing something new,something new,0.13636363636363635,0.45454545454545453
New experiences and cities,new city,0.13636363636363635,0.45454545454545453
Experiencing new things,experiencing new,0.13636363636363635,0.45454545454545453
"My curiosity, and wanting to know diferent things that im not used to.",curiosity wanting know in used,0.0,0.0
"Curiousity, mostly.",curiosity mostly,0.5,0.5
Exploring ,exploring,0.0,0.0
New experiences,new,0.13636363636363635,0.45454545454545453
Culture/Architecture/Nature,culture architecture nature,0.0,0.0
Couriosity,curiosity,0.0,0.0
adventure,adventure,0.0,0.0
Interacting with new people and seeing the world,interesting new people world,0.3181818181818182,0.4772727272727273
Meeting new people and exploring places. I want to become a more open person. ,meeting new people exploring place want become open person,0.06818181818181818,0.4772727272727273
"Seeing new culures, amazing natural sights, and wildlife",new culture amazing natural sight wildlife,0.2787878787878788,0.5848484848484848
Experiences,,0.0,0.0
To see new sights and experience foreign culture (so boilerplate I know),new sight foreign culture boilerplate know,-0.029545454545454552,0.1931818181818182
Why not?,,0.0,0.0
The need to have new experiences,need new,0.13636363636363635,0.45454545454545453
Curiosity ,curiosity,0.0,0.0
"Fun experiences, education.",education,0.0,0.0
Exploring nature and cities ,exploring nature city,0.0,0.0
"Culture, cuisine and experiences",culture quinine,0.0,0.0
See the world,world,0.0,0.0
I love this planet and seeing everything it and its people have to offer!,love planet everything people offer,0.5,0.6
"Nature, adventure, expanding my horizon, climate",nature adventure expanding horizon climate,0.0,0.0
I like to eat good food and see nice things,like eat good food nice,0.6499999999999999,0.8
Experiencing new cultures,experiencing new culture,0.13636363636363635,0.45454545454545453
Experiencing different cuisines and cultures. ,experiencing quinine culture,0.0,0.0
"Curiosity, Work, ""Getting away""",curiosity work getting away,0.0,0.0
New sights and environments,new sight environment,0.13636363636363635,0.45454545454545453
Fun,,0.0,0.0
Wanting to see the world,wanting world,0.0,0.0
Exploring new places and learning history,exploring new place learning history,0.13636363636363635,0.45454545454545453
"Adventuring and exploring, experiencing new cultures ",venturing exploring experiencing new culture,0.13636363636363635,0.45454545454545453
Seeing new places,new place,0.13636363636363635,0.45454545454545453
See everything,everything,0.0,0.0
hills,hill,0.0,0.0
adventure,adventure,0.0,0.0
Seeing the world and museums,world museum,0.0,0.0
Widening my horizons,widening horizon,0.0,0.0
Exploring a new culture ,exploring new culture,0.13636363636363635,0.45454545454545453
Fun,,0.0,0.0
makes me happy,make happy,0.8,1.0
Fun?,,0.0,0.0
Beauty of natural attractions and spending enjoyable time with friends,beauty natural attraction spending enjoyable time friend,0.3,0.5
"Expand my worldview, enjoy the things other countries offer, see the world, try new foods and drinks",expand worldview enjoy country offer world try new food drink,0.2681818181818182,0.4772727272727273
Food,food,0.0,0.0
Experience something new,something new,0.13636363636363635,0.45454545454545453
experiences,,0.0,0.0
Fun ,,0.0,0.0
"Adventure, experience, culture",adventure culture,0.0,0.0
Life is short and there is a lot to see,life short lot,0.0,0.3
Adventure,adventure,0.0,0.0
"See the world, meet new people",world meet new people,0.13636363636363635,0.45454545454545453
History and culture,history culture,0.0,0.0
Experiencing different cultures ,experiencing culture,0.0,0.0
"See the world, food",world food,0.0,0.0
Curiousitu ,curiosity,0.0,0.0
Adventure,adventure,0.0,0.0
Life experience ,life,0.0,0.0
Experience new cultures,new culture,0.13636363636363635,0.45454545454545453
See new cultures. Intl soccer games. Party. ,new culture into soccer game party,-0.13181818181818183,0.42727272727272725
Adventure,adventure,0.0,0.0
Be out of my comfort zone,comfort zone,0.0,0.0
Our planet is beautiful and I wanna see the beauty of it.,planet beautiful anna beauty,0.85,1.0
new experiences,new,0.13636363636363635,0.45454545454545453
Wanderlust,wanderlust,0.0,0.0
Adventure+culture+food,adventure culture food,0.0,0.0
Seeing new cultures and countries,new culture country,0.13636363636363635,0.45454545454545453
Culture,culture,0.0,0.0
New exeriences,new,0.13636363636363635,0.45454545454545453
freedom from daily hassles,freedom daily mass,0.0,0.0
Fresh places and have a break from grumpy politics from my country,fresh place break grumpy politics country,0.3,0.5
Seeing new things,new,0.13636363636363635,0.45454545454545453
history,history,0.0,0.0
Life,life,0.0,0.0
"Culture, sights",culture sight,0.0,0.0
Traveling is the secret of life,traveling secret life,-0.4,0.7
Adventure,adventure,0.0,0.0
"Seeing the world; nature, people, culture",world nature people culture,0.0,0.0
Food,food,0.0,0.0
"History, people, culture",history people culture,0.0,0.0
Exploring,exploring,0.0,0.0
Experiences,,0.0,0.0
Fun,,0.0,0.0
Work stress,work stress,0.0,0.0
"Sights, sounds, smells, tastes of a different country and culture",sight sound smell taste country culture,0.4,0.4
"Adventure, experiencing new things",adventure experiencing new,0.13636363636363635,0.45454545454545453
Freedom and experiencing culture and art museums,freedom experiencing culture art museum,0.0,0.0
Escape from work,escape work,0.0,0.0
"New experiences, culture ",new culture,0.13636363636363635,0.45454545454545453
The journey,journey,0.0,0.0
Discovering and immersing myself in new cultures. ,discovering immersing new culture,0.13636363636363635,0.45454545454545453
Seeing the world and escaping,world escaping,0.0,0.0
Love seeing the world. Get to experience something dramatically different than my everyday life.,love world get something dramatically everyday life,0.15,0.6
Seeing new secluded places.,new secluded place,0.13636363636363635,0.45454545454545453
Experiences and new friends!!,new friend,0.13636363636363635,0.45454545454545453
Exploration,exploration,0.0,0.0
See the world ,world,0.0,0.0
Experiencing life from different perspectives. Adventure. ,experiencing life perspective adventure,0.0,0.0
Sightsee and learn about other cultures,sighted learn culture,0.0,0.0
New experiences ,new,0.13636363636363635,0.45454545454545453
Photography,photography,0.0,0.0
"Food, history, architecture, culture",food history architecture culture,0.0,0.0
Fun,,0.0,0.0
Enjoyment ,enjoyment,0.0,0.0
New experiences,new,0.13636363636363635,0.45454545454545453
Sense of adventure,sense adventure,0.0,0.0
Nostalgia,nostalgia,0.0,0.0
Experience,,0.0,0.0
Experiencing the culture and history in different parts of the world.,experiencing culture history part world,0.0,0.0
Fun,,0.0,0.0
Looking for something interesting,looking something interesting,0.5,0.5
Feeling of absurdity,feeling absurdity,0.0,0.0
i enjoy the challenge,enjoy challenge,0.4,0.5
"freedom, seeing new things, not being in same place",freedom new place,0.13636363636363635,0.45454545454545453
"The prospect of getting out of the daily grind, eating great food, taking time to just do things I enjoy (but wouldn't necessarily take/find time to do at home), learning new things",prospect getting daily grind eating great food taking time enjoy wouldn necessarily takefind time home learning new,0.2672727272727273,0.5409090909090909
Seeing new places and cultures,new place culture,0.13636363636363635,0.45454545454545453
New sights,new sight,0.13636363636363635,0.45454545454545453
Seeing different cultures,culture,0.0,0.0
see beautiful places,beautiful place,0.85,1.0
Seeing other cultures ,culture,0.0,0.0
desire to be in a stranger in a new area and learn about the new location and about others and see the similarities I share with these people,desire stranger new area learn new location others similarity share people,0.13636363636363635,0.45454545454545453
Learning about different cultures,learning culture,0.0,0.0
Curiosity,curiosity,0.0,0.0
History/art,historyart,0.0,0.0
"Experiencing new cultures, seeing new sights",experiencing new culture new sight,0.13636363636363635,0.45454545454545453
I like people I like things to be different than at home,like people like home,0.0,0.0
to see beautiful art and nature,beautiful art nature,0.85,1.0
Its liberating,liberating,0.0,0.0
Myself,,0.0,0.0
New cultures,new culture,0.13636363636363635,0.45454545454545453
I hate traveling,hate traveling,-0.8,0.9
Discovering new places,discovering new place,0.13636363636363635,0.45454545454545453
Getting away from day to day life,getting away day day life,0.0,0.0
Discover new culture ,discover new culture,0.13636363636363635,0.45454545454545453
I want to see the world,want world,0.0,0.0
Shaking up my daily routine and trying something new; relaxing and taking a break from work; meeting new people and eating delicious food,shaking daily routine trying something new relaxing taking break work meeting new people eating delicious food,0.3181818181818182,0.4772727272727273
Desire to see as much of the world as possible,desire much world possible,0.1,0.6
Wanderlust,wanderlust,0.0,0.0
Broadening my experience; learning more about the world and about myself,broadening learning world,0.0,0.0
Seeing new places and new experiences,new place new,0.13636363636363635,0.45454545454545453
New experiences ,new,0.13636363636363635,0.45454545454545453
Exploring other cultures and ways to live,exploring culture way live,0.13636363636363635,0.5
Natural monuments,natural monument,0.1,0.4
"Adventure, Relaxation, Escape",adventure relaxation escape,0.0,0.0
The beauty of the planet,beauty planet,0.0,0.0
"Experiencing new cultures, seeing landmarks in person",experiencing new culture landmarks person,0.13636363636363635,0.45454545454545453
Sense of fulfillment and cultural knowledge,sense fulfillment cultural knowledge,0.1,0.1
Learning about the world,learning world,0.0,0.0
Break ,break,0.0,0.0
"Boredom, Escape",boredom escape,0.0,0.0
Chance to get away,chance get away,0.0,0.0
Explore,explore,0.0,0.0
Seeing new sights and having new experiences,new sight new,0.13636363636363635,0.45454545454545453
Learning about other cultures and ways of life; including food,learning culture way life including food,0.0,0.0
Exploration ,exploration,0.0,0.0
Discover cultures and food ,discover culture food,0.0,0.0
New things,new,0.13636363636363635,0.45454545454545453
Exploration,exploration,0.0,0.0
"Meeting People, seeing landmarks",meeting people landmarks,0.0,0.0
New experience,new,0.13636363636363635,0.45454545454545453
The want to educate myself on others culture ,want educate others culture,0.0,0.0
Curiousity. Getting outside of my daily routine. Learning more about myself through new experiences. ,curiosity getting outside daily routine learning new,0.04545454545454545,0.16818181818181818
"historical attractions, food",historical attraction food,0.0,0.0
Learn about new cultures,learn new culture,0.13636363636363635,0.45454545454545453
Inspiration,inspiration,0.0,0.0
Exploration ,exploration,0.0,0.0
I want to see as much of the world and as many different cultures as possible.,want much world many culture possible,0.2333333333333333,0.5666666666666667
Its the reason i live for :D.,reason live,0.13636363636363635,0.5
"To see the world, and to know your own insignificance ",world know insignificance,0.0,0.0
"Exploration, culture, scenery, curiosity",exploration culture scenery curiosity,0.0,0.0
"Business travel, Personal growth and understanding societies",business travel personal growth understanding society,0.0,0.3
Exploring. Getting to know how people live around the world. Truly relaxing away from home.,exploring getting know people live around world truly relaxing away home,0.13636363636363635,0.5
"Beaches, sea, different cultures",reach sea culture,0.0,0.0
"Meet people, explore the world",meet people explore world,0.0,0.0
Exploring ,exploring,0.0,0.0
Sites and food,site food,0.0,0.0
To see more,,0.0,0.0
Friends,friend,0.0,0.0
"General tourism, experiencing new things.",general tourism experiencing new,0.09318181818181819,0.4772727272727273
Exploration,exploration,0.0,0.0
wonderlust,wonderlust,0.0,0.0
Experiences,,0.0,0.0
Curosity,curiosity,0.0,0.0
Natural Adventurer,natural adventurer,0.1,0.4
Culture food beauty new experiences,culture food beauty new,0.13636363636363635,0.45454545454545453
to see other cultures and how the natives live,culture native live,0.13636363636363635,0.5
To have a change in daily life,change daily life,0.0,0.0
Experience,,0.0,0.0
History,history,0.0,0.0
Wanderlust,wanderlust,0.0,0.0
Seeing the world that's different from the one I'm living in,world that one in living,0.0,0.0
"adventures, food",adventure food,0.0,0.0
cultural experiences,cultural,0.1,0.1
Adventure,adventure,0.0,0.0
"New experiences, nature",new nature,0.13636363636363635,0.45454545454545453
"Adventure, the challenge, seeing new things",adventure challenge new,0.13636363636363635,0.45454545454545453
"Adventure, exploring history",adventure exploring history,0.0,0.0
Exploration,exploration,0.0,0.0
New experiences with family. ,new family,0.13636363636363635,0.45454545454545453
Self-fulfillment,selffulfillment,0.0,0.0
Curiousity,curiosity,0.0,0.0
Fun,,0.0,0.0
Seeing different cultures and getting away from mundane everyday life,culture getting away mundane everyday life,-0.18333333333333335,0.3833333333333333
fun,,0.0,0.0
Curiosity ,curiosity,0.0,0.0
Experiences,,0.0,0.0
"Discovering, a kick from doing it low budget, escaping",discovering kick low budget escaping,0.0,0.3
Interest,interest,0.0,0.0
"Seeing new things, new people, new food, new climates, new landscape, taking photos",new new people new food new climate new landscape taking photo,0.13636363636363635,0.4545454545454545
Love to see new places.,love new place,0.3181818181818182,0.5272727272727272
new landscapes,new landscape,0.13636363636363635,0.45454545454545453
To learn about new cultures,learn new culture,0.13636363636363635,0.45454545454545453
"seeing beautiful places, learning about different cultures",beautiful place learning culture,0.85,1.0
I love everything about it,love everything,0.5,0.6
Experience something different,something,0.0,0.0
Fun,,0.0,0.0
What doesn’t?,doesn,0.0,0.0
"its genetic according to science but i like to go places and see new things, new people",genetic according science like go place new new people,0.13636363636363635,0.45454545454545453
Experience,,0.0,0.0
The will to learn new things. ,learn new,0.13636363636363635,0.45454545454545453
"Seeing how people lead different lives and how people can be different but also the same regardless of where we are from, expanding my mind, getting into crazy situations I would never get into at home, art, and food",people lead life people also regardless expanding mind getting crazy situation would never get home art food,-0.6,0.9
Adventure,adventure,0.0,0.0
Curiosity and wanderlust,curiosity wanderlust,0.0,0.0
See new things,new,0.13636363636363635,0.45454545454545453
Exploration,exploration,0.0,0.0
Fun,,0.0,0.0
so many haha,many hata,0.5,0.5
To see the world,world,0.0,0.0
Cultre & food,culture food,0.0,0.0
Life,life,0.0,0.0
Exploration ,exploration,0.0,0.0
Seeing and trying new things,trying new,0.13636363636363635,0.45454545454545453
Adventure,adventure,0.0,0.0
Seeing the world and how different cultures interact,world culture interact,0.0,0.0
"New experiences- learn cultures, meet people, eat well, and much more!",new learn culture meet people eat well much,0.16818181818181818,0.32727272727272727
Getting a change of scenery and getting away from everyday life,getting change scenery getting away everyday life,-0.2,0.6
Culture & History,culture history,0.0,0.0
I'm a free spirit,in free spirit,0.4,0.8
"Photography, New Experiences, Culture, Excitement",photography new culture excitement,0.13636363636363635,0.45454545454545453
"Experience cultures, history, food, just to get away, see friends",culture history food get away friend,0.0,0.0
Strong desire to see the world. ,strong desire world,0.4333333333333333,0.7333333333333333
Exploration,exploration,0.0,0.0
exploring / seeing the world from another perspective,exploring world another perspective,0.0,0.0
"Exploring historical stuff, food and drinks, city life, nature",exploring historical stuff food drink city life nature,0.0,0.0
"Exploring historical stuff, food and drinks, city life, nature",exploring historical stuff food drink city life nature,0.0,0.0
Learning new cultures. And FOOOOOD!,learning new culture foooood,0.13636363636363635,0.45454545454545453
Desire,desire,0.0,0.0
To experience something new,something new,0.13636363636363635,0.45454545454545453
Escaping monotony of everyday life,escaping monotony everyday life,-0.2,0.6
A break from the monotony that is work.,break monotony work,0.0,0.0
Culture ,culture,0.0,0.0
Desire to experience something outside my daily routine. ,desire something outside daily routine,0.0,0.025
See more of the world!,world,0.0,0.0
Seeing the world,world,0.0,0.0
Freedom,freedom,0.0,0.0
Adventure ,adventure,0.0,0.0
Adventure + memories,adventure memory,0.0,0.0
See the world,world,0.0,0.0
"Culture, history, food, relaxation",culture history food relaxation,0.0,0.0
seeing new places,new place,0.13636363636363635,0.45454545454545453
Fiancé lives there,fiance life,0.0,0.0
Relaxation ,relaxation,0.0,0.0
Experiences,,0.0,0.0
i like seeing new things,like new,0.13636363636363635,0.45454545454545453
Culture and nature,culture nature,0.0,0.0
Fun + new experiences ,new,0.13636363636363635,0.45454545454545453
Expanded world-view,expanded worldview,0.0,0.0
exploring,exploring,0.0,0.0
"New experiences, different culture, history, nature",new culture history nature,0.13636363636363635,0.45454545454545453
Food,food,0.0,0.0
Curiosity?,curiosity,0.0,0.0
"Curiosity, opening my mind",curiosity opening mind,0.0,0.0
Natural or historic landmarks,natural historic landmarks,0.05,0.2
Learning,learning,0.0,0.0
Learning,learning,0.0,0.0
feeling of freedom,feeling freedom,0.0,0.0
"Food, Experiences",food,0.0,0.0
"Nature, disconnecting from every day life, new adventures ",nature disconcerting every day life new adventure,0.13636363636363635,0.45454545454545453
Fun,,0.0,0.0
So much to see in the world!,much world,0.2,0.2
"Exploring other cultures, seeing nature, relaxing, outside sports",exploring culture nature relaxing outside sport,0.0,0.05
Joy,joy,0.8,0.2
"knowledge, experiences, culture",knowledge culture,0.0,0.0
Curiosity,curiosity,0.0,0.0
"Perspective, new cultures, recommendations",perspective new culture recommendation,0.13636363636363635,0.45454545454545453
seeking experiences,seeking,0.0,0.0
Love to research new destinations,love research new destination,0.3181818181818182,0.5272727272727272
"Tourism, fun",tourism,0.0,0.0
"New experiences, nature",new nature,0.13636363636363635,0.45454545454545453
"New experiences, nature",new nature,0.13636363636363635,0.45454545454545453
Freedom ,freedom,0.0,0.0
Being bored of monotonous daily life,bored monotonous daily life,-0.25,0.5
Food. Nature. Culture. New experiences. Make the most of life. ,food nature culture new make life,0.13636363636363635,0.45454545454545453
curiosity,curiosity,0.0,0.0
Creating beautiful memories ,creating beautiful memory,0.85,1.0
Family,family,0.0,0.0
Culture,culture,0.0,0.0
Culture,culture,0.0,0.0
Food and culture,food culture,0.0,0.0
Experiencing new cultures,experiencing new culture,0.13636363636363635,0.45454545454545453
New experiences,new,0.13636363636363635,0.45454545454545453
Fun,,0.0,0.0
New Experiences and Culture,new culture,0.13636363636363635,0.45454545454545453
New experiences,new,0.13636363636363635,0.45454545454545453
"Love of other cultures, people, language",love culture people language,0.5,0.6
New people and places,new people place,0.13636363636363635,0.45454545454545453
"Food, music, women",food music woman,0.0,0.0
Curiosity ,curiosity,0.0,0.0
curiosity,curiosity,0.0,0.0
"""Newness."" New food, sights, art architecture, culture. A bonus is meeting new people.",newness new food sight art architecture culture bonus meeting new people,0.13636363636363635,0.45454545454545453
Enjoyment & Snowboarding,enjoyment snowboarding,0.0,0.0
I like food and I like beer,like food like beer,0.0,0.0
Freedom,freedom,0.0,0.0
Family,family,0.0,0.0
Why not see as much of the world as I can,much world,0.2,0.2
"No motivation needed, I just want to see new places.",motivation needed want new place,0.13636363636363635,0.45454545454545453
see new things and learn about other cultures,new learn culture,0.13636363636363635,0.45454545454545453
Experiencing other cultures,experiencing culture,0.0,0.0
History,history,0.0,0.0
"Expanding my world view, relaxing",expanding world view relaxing,0.0,0.0
Expanding my viepoint on life.,expanding viewpoint life,0.0,0.0
exploring new cultures,exploring new culture,0.13636363636363635,0.45454545454545453
Adventure,adventure,0.0,0.0
Culture,culture,0.0,0.0
Makes me feel alive,make feel alive,0.1,0.4
The thrill of learning things about the place to which i travel,thrill learning place travel,0.0,0.0
Learning about different cultures,learning culture,0.0,0.0
To see the world ,world,0.0,0.0
"Seeing new places, new food, sense of freedom",new place new food sense freedom,0.13636363636363635,0.45454545454545453
See beautiful sights and experience other cultures,beautiful sight culture,0.85,1.0
Travel frees up the mind from rut.,travel free mind rut,0.4,0.8
Curiosity ,curiosity,0.0,0.0
art,art,0.0,0.0
Fun,,0.0,0.0
Ignorance,ignorance,0.0,0.0
I love trying out new things,love trying new,0.3181818181818182,0.5272727272727272
Find Happiness,find happiness,0.7,0.2
Fun,,0.0,0.0
Escape,escape,0.0,0.0
Experience ,,0.0,0.0
Exploration,exploration,0.0,0.0
new experiences and people,new people,0.13636363636363635,0.45454545454545453
it can be interesting,interesting,0.5,0.5
"to see everything this world has to offer, and to grow as a person",everything world offer grow person,0.0,0.0
Exploring ,exploring,0.0,0.0
New experiences and cultures,new culture,0.13636363636363635,0.45454545454545453
 Freedom with time,freedom time,0.0,0.0
Adventure,adventure,0.0,0.0
New Experiences,new,0.13636363636363635,0.45454545454545453
Culture and History,culture history,0.0,0.0
Being far away from work,far away work,0.1,1.0
Fear of Killing myself out of boredom,fear killing boredom,0.0,0.0
I'm looking at the world and looking for my place,in looking world looking place,0.0,0.0
breaking routine,breaking routine,0.0,0.0
discovery,discovery,0.0,0.0
I enjoy visiting interesting places and having new and unique experiences.,enjoy visiting interesting place new unique,0.3528409090909091,0.6136363636363636
Enjoyment,enjoyment,0.0,0.0
experiences,,0.0,0.0
Seeing different cultures,culture,0.0,0.0
New experiences,new,0.13636363636363635,0.45454545454545453
Explore new places,explore new place,0.13636363636363635,0.45454545454545453
"Experience, food, culture, sights",food culture sight,0.0,0.0
"Seeing other cultures, other people and customs, etc. ",culture people custom etc,0.0,0.0
"food, architecture, wanderlust",food architecture wanderlust,0.0,0.0
I want to see beautiful things,want beautiful,0.85,1.0
Seeing something new,something new,0.13636363636363635,0.45454545454545453
Escape from my own culture for a while. ,escape culture,0.0,0.0
better than sitting home,better sitting home,0.5,0.5
"culture, freedome",culture freedom,0.0,0.0
changing location changes my point of view,changing location change point view,0.0,0.0
Scenery and culture ,scenery culture,0.0,0.0
get to meet people and see other cultures.,get meet people culture,0.0,0.0
Seeing new places,new place,0.13636363636363635,0.45454545454545453
life,life,0.0,0.0
Adventure ,adventure,0.0,0.0
Fun,,0.0,0.0
"Nature, Food",nature food,0.0,0.0
Exploration and adventure,exploration adventure,0.0,0.0
See new cultures. Grow,new culture grow,0.13636363636363635,0.45454545454545453
Family good time,family good time,0.7,0.6000000000000001
Long cold winters at home,long cold winter home,-0.325,0.7
New experiences,new,0.13636363636363635,0.45454545454545453
To see the world that is different to my immediate surrounding and accustomed lifestyle.,world immediate surrounding accustomed lifestyle,0.0,0.0
"Learn about new cultures, see new places, get out of my comfort zone",learn new culture new place get comfort zone,0.13636363636363635,0.45454545454545453
